Invigilator_ID,Invigilator_Name,LeadInvigilator,SpecialQualification
1,Mark Williams,Yes,1
2,Michele Velasquez,Yes,0
3,Chelsey Hunter,Yes,0
4,Willie Baker,Yes,0
5,Benjamin Shepard,No,0
6,Matthew Fleming,Yes,0
7,Jody Baker,No,1
8,Chad Graves,Yes,0
9,Mr. Ronald Smith,No,1
10,Christina Anderson,No,0
11,Sarah Johnson,Yes,0
12,Jessica Giles,Yes,1
13,Richard Howell,No,1
14,Crystal Burns,No,1
15,Kathleen Ford,Yes,1
16,Lisa Landry,Yes,1
17,Nicholas Day,No,1
18,Rebecca Kim,Yes,1
19,Lynn Mckenzie,Yes,0
20,Ruben Cooper,No,0
21,Jerry Lewis,No,1
22,Thomas Hunter,No,1
23,Stacy Tate,No,1
24,Danny Wilson,No,1
25,Raymond Hernandez,No,1
26,Vanessa Jones,Yes,1
27,Kelly Ramos,No,0
28,Alyssa Wallace,Yes,0
29,Madison Crawford,No,0
30,Abigail Sims,Yes,0
31,Tiffany Davis,No,0
32,Ann Hays,Yes,0
33,Katherine Young,No,1
34,Sarah Nguyen,Yes,1
35,Ashley Brock,Yes,0
36,Margaret White,Yes,1
37,Corey Johnston,No,1
38,David Hughes,Yes,1
39,Nicole Marshall,Yes,1
40,Andrea Hughes,No,0
41,Eugene Perez,Yes,1
42,Edward Kennedy,Yes,0
43,Phillip Perry,No,0
44,Nicole Greer,No,1
45,Hannah Young,Yes,0
46,Pamela Lyons,No,1
47,Bradley Lyons,No,0
48,Scott Dunn,No,0
49,Diana Harris,Yes,1
50,Eduardo Scott,No,0
51,Joe Anderson,No,1
52,Kendra Hanson,No,1
53,Mrs. Katrina Scott,Yes,1
54,Diane Carter,No,0
55,Jennifer Johnson,No,0
56,Matthew Berry,No,1
57,Hayley Murphy,No,1
58,Michael Lane,Yes,0
59,Miguel Barton,No,1
60,Robert Berg,No,0
61,Gwendolyn Watkins,No,0
62,Chelsey Alvarado,Yes,0
63,Linda Hanson,Yes,1
64,Christine Newman,Yes,0
65,Jennifer Powers,No,1
66,Keith Shepherd,Yes,1
67,Jordan Snow,No,0
68,Tammy Santos,No,1
69,Mia Burnett,No,1
70,Brenda Hendrix,No,0
71,Alexandra Dennis,No,1
72,Barbara White,Yes,1
73,Jill Lopez,No,0
74,Timothy Johnson,No,0
75,Peter Sanchez,No,0
76,Alexis Bernard,No,1
77,Christian Hayes,No,0
78,Tony Miranda,Yes,1
79,Miranda Holland,No,0
80,Joseph Jones,Yes,1
81,Nicole Mahoney,No,0
82,Amanda Sharp,No,1
83,Jennifer Cooper,No,0
84,Jack West,Yes,1
85,Angela Williams,Yes,1
86,Caleb Guzman,Yes,0
87,Laura Ford,No,1
88,Joshua Holt,Yes,0
89,Lisa Garcia,No,1
90,Stephen White,Yes,0
91,Debra Mendoza,No,1
92,Luis Brown,No,0
93,Justin Lester,Yes,1
94,Mark Greene,No,0
95,Gabriella Flores,Yes,1
96,Joseph Myers,No,0
97,Lauren King,Yes,0
98,Barbara Nelson,Yes,1
99,Michelle Delgado,No,0
100,Sydney Jefferson,No,0
101,Steven Garcia,Yes,1
102,Vanessa Aguilar,Yes,1
103,Tyler Kim,Yes,1
104,Steven Robertson,No,0
105,Kathleen Miller,Yes,0
106,David Williams,No,0
107,Katie Olson,Yes,0
108,Frank Rosario,Yes,0
109,Jessica Dean,Yes,0
110,Jason Baker,Yes,1
111,Lisa Cline,No,0
112,Joseph Montgomery,No,0
113,Jason Coleman,No,0
114,Natalie Davis,No,1
115,Dustin Barry,No,1
116,Michael Vargas,Yes,0
117,Gina Rollins,Yes,1
118,Molly Sherman,Yes,0
119,Richard Freeman,Yes,1
120,Yvonne Wiggins MD,Yes,1
121,Karen Nelson,Yes,1
122,Kim Levy,Yes,0
123,Michael Moore,Yes,0
124,Jennifer Christina,Yes,1
125,Ray Santos,Yes,1
126,Amanda Rasmussen,Yes,0
127,Lisa Banks,No,1
128,Bryce Campbell,Yes,1
129,Rebecca Clark,No,0
130,Gregory Mcclain,Yes,1
131,Ray Ellison,No,1
132,Martin Romero,Yes,0
133,Amanda Jones,Yes,0
134,Erin Collins,No,1
135,Amanda Bishop,No,1
136,Felicia Rose,Yes,0
137,Mercedes Powell,No,1
138,Amber Buchanan,Yes,1
139,Diane Duncan,Yes,1
140,Michael Walter,Yes,0
141,Candace Hall,Yes,1
142,Jason Larson,Yes,0
143,Christopher Wilson,Yes,1
144,William Shepherd,Yes,0
145,Janice Barnes,Yes,1
146,Cynthia Lozano,Yes,0
147,Jon Johnson,Yes,1
148,Jamie Nguyen,Yes,0
149,Miranda Tyrell,Yes,0
150,Danielle Green,Yes,0
151,Sarah Bartlett,Yes,0
152,Corey Price,Yes,0
153,Kevin Franklin,No,0
154,Amanda Navarro,No,1
155,David Adams,Yes,1
156,Vanessa Reid,No,1
157,Alexis Flores,Yes,0
158,Richard Pittman,Yes,1
159,Amanda Hammond,No,1
160,Craig Harris,Yes,0
161,Tyler Fletcher,No,0
162,Michael Dougherty,No,1
163,Patricia Buck MD,Yes,1
164,Jason Thompson,No,1
165,Krystal Miller,No,1
166,Joshua Cooke,No,0
167,Todd Cardenas,No,0
168,Joseph Perry,No,0
169,Nathan Brennan,No,0
170,Alan Williams,No,0
171,Devin Gonzalez,No,0
172,Alexandra Valencia,No,1
173,Lisa Richards,Yes,0
174,Theresa Mitchell,Yes,1
175,Robert Martin,No,0
176,Shawn Garcia,No,0
177,Alyssa Lowe,No,1
178,Tamara Reynolds,No,0
179,Jennifer Moreno,Yes,0
180,Carmen Sanford,No,1
181,Wanda Lewis,Yes,0
182,Daniel Griffith,No,0
183,Dustin Carter,No,1
184,Brent Cole,No,1
185,Laura Robertson,No,0
186,Mr. Bill Hoffman MD,No,1
187,Jennifer Delgado,No,0
188,Samuel Fields,No,1
189,Linda Page,Yes,1
190,Tracy Jones,No,0
191,Angela Miller,Yes,0
192,Mary Hensley,Yes,1
193,Joann King,No,1
194,Lisa Lowery,No,0
195,Melissa Dickerson,No,1
196,Norman Bowman,No,0
197,Adam Patterson,No,0
198,Donald Howard,Yes,1
199,Terri Young,No,0
200,Jennifer Singh,No,0
201,Jessica Nolan,Yes,1
202,Justin Green,No,0
203,Dustin Kramer,No,1
204,William Reed,Yes,1
205,Monica Jackson,No,0
206,Nicole Martin,No,1
207,Helen Conner,Yes,0
208,Susan Hernandez,Yes,1
209,Charles Wise,No,1
210,Billy Martin,No,0
211,April Rodriguez,No,1
212,Matthew Vaughn,No,0
213,Shannon Cook,Yes,0
214,Lori Hopkins,Yes,0
215,James Pennington,No,0
216,Michael Rody,Yes,1
217,Sara Boone,No,1
218,Pedro Mcdaniel,No,1
219,Lauren Peters,No,1
220,Nicholas Pennington,No,1
221,Devin Thomas,Yes,0
222,Mr. Cody Calhoun,Yes,0
223,Barbara Cunningham,No,1
224,Dr. Danny Fields,No,0
225,Jordan Simon,Yes,1
226,Patrick Dickerson,Yes,1
227,Jared Thomas,No,0
228,Donna Taylor,Yes,0
229,Tammy Jacobs,No,1
230,Melissa Sims,No,1
231,Brady Clark,No,1
232,Dustin Lee,No,1
233,Andrew Rodriguez,No,0
234,Dana Wilkinson,No,1
235,Anita Berry,No,0
236,Erica Russell,Yes,1
237,Joel Holmes,Yes,1
238,Ellen Nunez,No,0
239,Ashley Green,No,1
240,Jason Roth,Yes,1
241,William Young,Yes,1
242,Kristen Smith,No,1
243,Lisa Jacobs,No,0
244,Samantha Rose DDS,No,0
245,Thomas Velez,Yes,1
246,Eric Day,No,1
247,Mary Serrano,Yes,0
248,Nathan Taylor,No,0
249,Dennis Johnson,No,1
250,Andrew Jenkins,No,0
251,Richard Anderson,No,1
252,Monica Davidson,Yes,1
253,Alyssa Sanchez,Yes,0
254,Jennifer Brown DDS,No,1
255,Kathryn Moore,No,1
256,Margaret Aguirre,No,0
257,Meghan Morrison,No,0
258,Dr. Cynthia Coleman,No,0
259,Dana Goodwin,Yes,1
260,Dustin Brown,Yes,0
261,Michael Velez,Yes,1
262,Taylor Leon,No,0
263,Elijah May,No,1
264,Brittany Stanton,No,0
265,Susan Mason,No,0
266,Sandra Jenkins,Yes,0
267,Dennis Nixon,Yes,1
268,Cynthia Rivera,Yes,1
269,Matthew Perez,Yes,1
270,Sarah Mejia,Yes,0
271,Sarah George,No,0
272,Katelyn Dennis,Yes,1
273,Lisa Serrano,Yes,0
274,Scott Johnston,No,1
275,Antonio Poole,Yes,0
276,Mary Brown,Yes,0
277,Meagan Hernandez,Yes,1
278,Jennifer Campbell,Yes,0
279,Sean Powell,No,1
280,Benjamin Forbes,No,1
281,Eduardo Shaw,No,1
282,Jeanne Martin,Yes,0
283,Samantha Hart,Yes,1
284,Nicholas Bryant,No,1
285,Mark Jones,Yes,0
286,Sharon Oconnor,No,1
287,Gary Phillips,No,1
288,Dylan Wilson,Yes,1
289,Michael Wall,Yes,0
290,Lee Brooks,Yes,0
291,Richard Palmer,No,0
292,Ann Stewart,No,1
293,Lisa Erickson,No,1
294,Nicolas Wagner,No,0
295,Paul Villa,No,1
296,Jennifer Leonard,Yes,0
297,Lori Camacho,No,0
298,Jennifer Sheppard,No,1
299,Eric Gomez,No,1
300,James Hernandez,Yes,0
301,Wayne Smith,No,1
302,Lisa Phillips,No,1
303,Annette Lewis,Yes,0
304,Joseph Nichols,Yes,0
305,Carlos Woods,Yes,1
306,Colleen Smith,Yes,1
307,Raymond Young,No,0
308,Darrell Ross,Yes,0
309,Kevin Vargas,No,1
310,Johnny Harrison,Yes,1
311,Edward Andrade,Yes,1
312,Richard Williams,Yes,0
313,Jeremy Robinson,Yes,0
314,James Mitchell,No,1
315,Nathaniel House,Yes,1
316,Tiffany Liu,No,0
317,Tyrone Stone,Yes,0
318,Michael Hampton,Yes,0
319,Sandra Martin,No,1
320,Marvin Caldwell,Yes,1
321,Mrs. Emily Andrews,No,0
322,Travis Clark,No,1
323,John Howell,No,0
324,Jack Delacruz,No,1
325,Aaron Patterson,No,0
326,Rebecca Wall,Yes,1
327,Juan Becker,No,0
328,Stephen Wells,Yes,1
329,Kelly Perez,Yes,0
330,Kerri Sanchez,Yes,1
331,Luis Robertson,Yes,1
332,Tina Henry,Yes,0
333,Jacob Zimmerman,No,1
334,Timothy Thompson,Yes,1
335,Jennifer Galvan,No,0
336,Cindy Lopez,No,1
337,John Powers,Yes,0
338,Eric Hall,Yes,1
339,Susan Bates,No,0
340,Robert Harrison,No,1
341,Christopher Johnson,No,0
342,Margaret Smith,No,1
343,Stephanie Hall,No,0
344,Brandon Dominguez,No,1
345,Richard Joyce,No,0
346,Cameron Rich,Yes,0
347,Mark Johnson,Yes,1
348,Yvette Watts,No,0
349,Jordan Park,No,0
350,Carol Wiley,No,1
351,Michelle Stephenson,No,1
352,Jason Payne,No,0
353,Christopher Goodwin,No,1
354,Frank Hall,Yes,0
355,Sharon Ruiz,No,0
356,Melissa Hamilton,Yes,0
357,Timothy Martin,No,1
358,Joseph Vance,Yes,1
359,Amanda Phillips,Yes,1
360,Danielle Adams,No,0
361,Abigail Stewart,Yes,0
362,Ian Johnson,Yes,0
363,Hector Wilson,Yes,0
364,Carla Moss,Yes,0
365,Jacqueline Shaw,Yes,1
366,Cristian Brooks,No,0
367,Lee Turner,No,0
368,Curtis Brown,Yes,0
369,Jackie Sandoval,Yes,0
370,Nancy Shaw,No,1
371,Melanie Douglas,Yes,0
372,Amanda Warren,Yes,0
373,Tasha Morrison,No,0
374,Dr. Edward Adams,Yes,0
375,John Turner,No,0
376,Marisa Hall,No,1
377,Amanda Brown,Yes,1
378,Raymond Washington,Yes,0
379,Laura Mcdaniel,No,0
380,Christian Atkinson,Yes,1
381,Kathy Zimmerman,Yes,0
382,Gene Cross,Yes,0
383,Andrew Perez,No,0
384,Hannah Taylor,Yes,1
385,Linda Nelson,No,1
386,Jordan Zuniga,Yes,1
387,Jesse Adkins,No,0
388,Elizabeth Huynh,No,1
389,Michael Grant,Yes,1
390,Laura Reed,Yes,1
391,Samantha Lynch,Yes,1
392,Willie Flores,Yes,1
393,Kimberly Barrett,Yes,1
394,Christy Davis,Yes,1
395,Cole Price,No,0
396,Marisa Thompson,Yes,1
397,Elizabeth Richard,No,1
398,Rebecca Foster,Yes,0
399,Michael Maxwell,No,1
400,Travis Thompson,No,0
401,Melinda Farrell,Yes,0
402,Gregory Nolan,No,0
403,Brian Robinson,Yes,0
404,Connor Taylor,Yes,1
405,Kelli Sims,Yes,0
406,Katherine Wilson,No,1
407,Sheila Johnson,No,0
408,Andrew Simmons,Yes,1
409,Denise Stanley,Yes,1
410,Christopher Henderson,Yes,1
411,Joseph Maldonado,No,0
412,Nicholas Gilbert,No,0
413,Elizabeth Donaldson,Yes,1
414,Angelica Stein,No,0
415,Kenneth Munoz,Yes,1
416,Michelle Carson,Yes,0
417,Melinda Bennett,Yes,1
418,Andrea Christensen,No,1
419,Lucas Jones,No,1
420,Elaine Murray,Yes,1
421,Diane Simpson,No,0
422,Brandy Clark MD,No,1
423,Allison Howard,No,1
424,Kayla Bishop,Yes,0
425,Thomas Johnson,No,1
426,Haley Burton,No,0
427,Robert Hart,Yes,0
428,Cassidy Stanley,No,1
429,Mark Davidson MD,No,1
430,Aimee Tucker,No,0
431,Joshua Rowland,No,1
432,David Patel,Yes,1
433,Jennifer Reed,Yes,0
434,Jennifer Thompson DVM,No,0
435,Amanda Roberts,No,0
436,Mark Hughes,No,0
437,Nicole Martinez DVM,Yes,0
438,Kayla Chang,No,0
439,Robert Ward,No,1
440,Leah Roman,Yes,0
441,Christopher Neal,No,1
442,Tracy Maynard,Yes,1
443,Brandon Castro,No,1
444,Mrs. Laura Obrien,Yes,0
445,Shannon Randolph,Yes,0
446,Nicole King,Yes,0
447,Theresa Harrison,Yes,1
448,Chris Bond,Yes,0
449,Charles Zimmerman,Yes,1
450,Casey Horn,No,1
451,Bruce Ramos,No,0
452,Anthony Taylor,No,0
453,James Rogers,No,1
454,Christine Warren,No,0
455,John Spears,No,0
456,Michelle Johnson,No,1
457,Andrew Hood,No,1
458,Kayla Christensen,Yes,0
459,Reginald Burns,Yes,0
460,Shelly Wood,Yes,1
461,Ruth Mcmillan,Yes,1
462,Thomas Robinson,Yes,1
463,Miss Cindy Villegas MD,Yes,1
464,David Zuniga,Yes,0
465,Jocelyn Sims DDS,No,0
466,Elizabeth Wells,Yes,1
467,Keith Wall,Yes,1
468,Mary Marquez DDS,No,1
469,Thomas West,No,0
470,Ashley Fisher,Yes,1
471,Brian Maldonado,No,0
472,Caitlin Phillips,Yes,0
473,Rita Bates,Yes,1
474,Ricky Salazar,No,1
475,Andrew Cohen,No,0
476,James Young,No,1
477,Mrs. Lisa Everett,Yes,1
478,Ariana Sanders,Yes,0
479,Kent Burke,No,0
480,Kristina Hill,Yes,0
481,Nicole Glover,No,0
482,Dwayne Pearson,Yes,0
483,Tiffany Jones,No,1
484,Martin Willis,No,0
485,Jordan Marsh,Yes,1
486,Tony Lopez,Yes,0
487,Troy Reed,Yes,0
488,Charles Thompson,Yes,0
489,Mr. David Monroe,No,1
490,Mary Sweeney,No,1
491,Stephen Nunez,No,0
492,Marie Phillips,No,1
493,Megan Romero,Yes,0
494,Dr. Tammy Chavez,No,0
495,Jamie Murphy,No,0
496,Michael Brennan,No,1
497,Anthony Stout,Yes,0
498,David Lewis,Yes,1
499,Michael Morris,No,0
500,Linda Friedman,No,0
501,Cody Hopkins,Yes,1
502,Bonnie Zamora,Yes,0
503,Jennifer Dominguez,No,1
504,Ronnie Harris,Yes,1
505,Katherine Robinson,Yes,0
506,Tonya Walsh,Yes,0
507,Amanda Baker,No,0
508,Laura Erickson,Yes,0
509,Bryan Silva,Yes,1
510,Robert Espinoza,Yes,1
511,Susan Mercado,No,0
512,Dr. Lisa Walsh,No,0
513,Andrew English,Yes,1
514,Jonathan Fowler,Yes,1
515,Jason Bridges,Yes,1
516,Darlene Cunningham,Yes,0
517,Denise Ruiz,Yes,0
518,Jared Lowe,Yes,0
519,Ana Owens,Yes,0
520,Mason Taylor MD,Yes,0
521,Nicole Charles,Yes,0
522,Shane Cook,No,0
523,Denise Ward,No,1
524,Lindsey Stephens,Yes,1
525,Louis Whitehead,No,0
526,Amber Dudley,Yes,0
527,Kelsey Hill,No,1
528,Melissa Johnson,Yes,0
529,Gerald Smith,No,0
530,Jon Hanson,Yes,1
531,Dennis Fischer,Yes,1
532,Christina Sanchez,Yes,0
533,Dominique Rivers,No,0
534,Timothy Werner,No,0
535,Ralph Patton,No,0
536,Cole Ramsey,No,1
537,Amanda Ingram,No,0
538,Sergio Oliver,No,0
539,Thomas Gregory,No,1
540,Mary Knight,No,0
541,Dawn Mccormick,No,0
542,Katherine Carroll,No,0
543,Elizabeth Fisher,No,0
544,Melissa Brooks,Yes,0
545,Trevor Garcia,Yes,1
546,Stephanie Thompson,No,0
547,Daniel Gray,Yes,0
548,Dr. Shane Randall,Yes,1
549,Johnny Hawkins,No,1
550,Cynthia Weber,No,0
551,Lori Kerr,No,0
552,Patricia Washington,No,0
553,Cheyenne Melendez,Yes,0
554,Sarah Beard,No,0
555,Brittney Cameron,Yes,1
556,Amanda Morgan,Yes,1
557,Aaron Powell,Yes,0
558,Mark Wilson,Yes,1
559,Joshua Nguyen,Yes,0
560,Cody Reeves,Yes,0
561,Christina Smith,No,1
562,Jacqueline Diaz,No,0
563,Marilyn Johnson,No,1
564,Alejandro Jones,Yes,1
565,Melissa Macias,Yes,0
566,Edward Yang,No,1
567,Erica Miller,Yes,1
568,Laura Smith,Yes,1
569,Michael Jackson,Yes,1
570,Jennifer Adams,No,0
571,Jennifer Shaw,No,0
572,Tammy Thompson,Yes,1
573,Morgan Kemp,No,1
574,Ronald Benjamin,No,1
575,Eric Griffith,No,0
576,Jeff Spencer,Yes,1
577,Ricky Terry,No,1
578,Peggy Harris,Yes,0
579,Donna Stephens,No,1
580,Debra Mills,Yes,1
581,Randy Hall,Yes,0
582,Evelyn May,No,0
583,Nicholas Hernandez,Yes,1
584,Gregory Brown,No,0
585,Daniel Sherman,No,0
586,Daniel Montoya,No,1
587,Christopher Levine,Yes,1
588,Caitlyn Matthews,No,1
589,Elizabeth Fox,No,1
590,Joseph Barnes,No,1
591,Allison Burton,No,0
592,Stephanie Craig,No,1
593,Melinda Santana,Yes,1
594,Taylor Hernandez,No,0
595,Mr. Billy Cardenas,No,1
596,Travis Sullivan,No,1
597,Paula Johnson,No,1
598,Anthony Powell,No,1
599,Melissa White,Yes,0
600,Alicia Brown,No,1
601,Rebecca Wheeler,Yes,0
602,Sharon Giles,No,0
603,Amber Blevins,No,1
604,Casey Williams,Yes,1
605,Jennifer Miller,Yes,1
606,Paul Wilson,No,0
607,Joshua Long,No,0
608,Patrick Hood,Yes,0
609,Amy Holland,Yes,1
610,John Ibarra,Yes,1
611,Michele White,Yes,0
612,Jessica Ward,No,0
613,Andrew Smith,No,0
614,Cheryl Flores,Yes,1
615,Kevin Thompson,No,1
616,Justin Page,Yes,0
617,Brad Guzman,No,0
618,Bethany Johnson,Yes,1
619,Sean Anderson,No,0
620,Christina Williams,Yes,0
621,Richard Jones,No,1
622,Mary Nolan,Yes,0
623,Steven Murphy,Yes,1
624,Kimberly Cook,No,0
625,Brian Huang,No,1
626,Katie Knight,Yes,0
627,Edward Gregory,Yes,0
628,Charlene Rios,Yes,1
629,Melissa Russell,Yes,1
630,Ryan Hart,No,1
631,Sandra Perez,Yes,1
632,Steven Castro,No,0
633,Wendy Carter,Yes,0
634,Michael Fox,No,0
635,David Thomas,Yes,0
636,Stanley Decker,Yes,0
637,Sandra Cruz,No,0
638,Lori Wells,No,1
639,Scott Stanton PhD,Yes,0
640,Stephanie Washington,Yes,1
641,Matthew Shah,Yes,0
642,Jake Williamson,Yes,0
643,Rachael Berry,No,0
644,Crystal Rodriguez,No,1
645,Mia Mccarthy,No,0
646,Kristen Cardenas,No,0
647,Scott Mccann,Yes,1
648,Mr. Daniel Taylor MD,Yes,0
649,Sarah Holloway,Yes,1
650,Sierra Decker,No,1
651,David Black,Yes,1
652,Daisy Patton,No,0
653,Rachel Lane,Yes,0
654,Judy Tran,Yes,1
655,Jacqueline Fields,Yes,1
656,Kathleen Jackson,No,0
657,Bridget Taylor,Yes,0
658,John Daniels,No,1
659,Cameron Smith,Yes,0
660,Jason Guzman,No,1
661,Tami Young,No,0
662,George Hughes,Yes,1
663,Marco Cordova,Yes,1
664,Stephanie Ford,No,0
665,Julie Byrd,No,0
666,Keith Bowman,Yes,1
667,Jordan Reilly,No,1
668,Lauren White,Yes,0
669,Benjamin Booker,No,1
670,John Alvarez,No,1
671,Ronald Jones,No,1
672,John Owens,No,0
673,Douglas Cardenas,No,0
674,Amanda Lindsey,No,0
675,Jerry Whitehead,No,0
676,Gina Watkins,No,0
677,Shane Hanna,Yes,1
678,Jason Price,Yes,1
679,Amanda Thompson MD,No,1
680,Sally Beck,No,0
681,Christina Franco,Yes,0
682,Jacob Holmes,Yes,1
683,Dennis Cline,Yes,0
684,Amy George,Yes,0
685,Kayla Briggs,Yes,1
686,Ashley Butler,Yes,1
687,Barry Ramirez MD,Yes,0
688,Candace Gray DDS,No,0
689,Benjamin Rojas III,Yes,1
690,Joanne Pineda,No,1
691,Lisa Morgan,Yes,1
692,Joshua Herrera,No,0
693,Alexandra Pittman,No,0
694,Matthew Hudson,No,0
695,Paul Miller,No,0
696,Shelby Walker,No,1
697,James Wells,No,1
698,Morgan Miranda,Yes,1
699,Amber Flowers,Yes,0
700,Catherine Rodriguez,Yes,0
701,Scott Contreras,Yes,0
702,Isaac Black,Yes,1
703,Robert Sherman,No,1
704,Kevin Hunt,Yes,1
705,Wendy Jones,No,1
706,Jennifer Harris,No,0
707,Susan Matthews,No,1
708,Eric Daniel,No,0
709,Luis Logan,Yes,0
710,Aimee Bailey,Yes,1
711,Adrian Riggs,Yes,1
712,Timothy Santos,Yes,1
713,Nicholas Jordan,Yes,1
714,Matthew Parker,No,1
715,Timothy George,No,0
716,Christina Thomas,No,1
717,Michael Harrison,No,1
718,Kathleen Rodriguez,No,1
719,Dr. Robert Payne,Yes,0
720,Paul Martinez,Yes,0
721,Robert Johnson,Yes,0
722,Ricky Campbell,Yes,1
723,Justin James,Yes,1
724,Steven Collins MD,No,0
725,Karen Webster,No,0
726,Kayla Moore,Yes,1
727,Mrs. Lisa King,No,1
728,Jennifer Joseph,Yes,1
729,Frances Nguyen,No,1
730,Dan Orozco,Yes,1
731,Lisa Richmond,Yes,1
732,Yolanda Wilson,Yes,1
733,Kelly Walker,No,1
734,Timothy Lee,Yes,0
735,Edward Goodman,Yes,1
736,Kathy Eaton,No,1
737,Scott Baker,No,0
738,Elizabeth Murphy,No,0
739,Richard Ellison MD,Yes,0
740,Nina Silva,Yes,0
741,Rachel Caldwell,No,1
742,Roberta Marshall,No,0
743,Rebecca Diaz,No,0
744,Jeffrey Taylor,No,1
745,Yolanda Obrien,No,1
746,Wesley Pittman,No,0
747,Benjamin Trujillo,Yes,1
748,Mark Watkins PhD,No,0
749,Elizabeth Riley,Yes,1
750,Christopher Mcfarland,No,1
751,Michael Hughes,Yes,1
752,Jennifer Hill,No,1
753,Tommy Aguilar,No,1
754,Adam Allen,Yes,0
755,James Higgins,No,0
756,Derek Day,No,0
757,Jennifer Navarro,Yes,1
758,Brandon Morales,No,1
759,Billy Richards DDS,Yes,0
760,Nicole Pacheco,No,0
761,Laurie Finley,Yes,0
762,Nicole Johnson,No,1
763,Hannah Ball,Yes,0
764,Christopher Thompson,Yes,0
765,David Munoz,No,0
766,Rebecca Warren,No,0
767,Justin Mcpherson,Yes,0
768,Lisa Lin,Yes,0
769,Alyssa Young,No,0
770,Dr. Kelsey Medina MD,No,0
771,Peggy Conley,No,1
772,Robert Torres,No,1
773,Dominique Mccoy,No,1
774,Jennifer Wilson,Yes,0
775,Matthew Evans,Yes,1
776,Valerie Jackson,No,0
777,Stacy Osborne,Yes,1
778,Matthew Hahn,No,0
779,Eric Serrano,No,0
780,Brandi Cooper,Yes,0
781,Glenda Martinez DDS,No,1
782,Heather Ross,No,1
783,Kyle Washington,No,0
784,Jennifer Holder,No,1
785,Ryan Stewart,No,1
786,Paula Woods,Yes,0
787,Henry Burns,No,1
788,Shannon Gallegos,Yes,1
789,Julie Bonilla,Yes,1
790,Kevin Norris,No,1
791,Daniel Richards,Yes,1
792,Steven Reid,Yes,0
793,Juan Smith,No,1
794,Melissa Payne,Yes,1
795,Brittany Jackson,No,0
796,Thomas Roberts,No,0
797,Leah Parker,Yes,0
798,April Thomas,No,0
799,Tammy Mccarty,Yes,1
800,Joe Gillespie,Yes,0
801,Ashley Harris,Yes,0
802,Edward Taylor,Yes,0
803,Ricardo Beard,Yes,0
804,Marie Pratt,No,0
805,Jeffrey Garcia,Yes,0
806,Frank Robinson,Yes,0
807,Tracy Schmidt,Yes,1
808,Gregory Morton,No,0
809,Andrea Taylor,No,1
810,Lynn Smith,Yes,1
811,Brittany Perez,No,1
812,Jennifer Simpson,No,1
813,Michael Phillips,No,0
814,Lori Martin,No,1
815,Krystal Galvan,No,1
816,Elizabeth Welch,No,0
817,Danielle Holt,No,1
818,Amanda Jenkins,Yes,0
819,Manuel Nichols,Yes,1
820,Ashley Martinez,Yes,0
821,Madison Gomez,No,0
822,David Brooks,Yes,1
823,Sharon Johnston,Yes,0
824,Kimberly Hurst,Yes,0
825,Laura Silva,No,0
826,Cynthia Johnson,No,1
827,Tracey Armstrong,Yes,0
828,Jason Ballard,No,0
829,Benjamin Lynch,No,1
830,Shane Stafford,Yes,1
831,Sonya Jenkins,No,1
832,Bruce Adkins,No,1
833,Heather Hampton,Yes,1
834,Sabrina Cruz,Yes,1
835,Jennifer Robles,Yes,0
836,Jamie Jordan,No,1
837,Olivia Patrick,No,1
838,Patricia George,Yes,0
839,Kimberly York,No,0
840,April Smith,No,0
841,Elizabeth Jones,Yes,1
842,Angel Jones,No,1
843,Wendy Zuniga,Yes,0
844,Jennifer Jones,No,0
845,Erika Spencer,Yes,0
846,Jennifer King,No,0
847,Jennifer Mcdonald,Yes,0
848,Chloe Parsons,No,0
849,Nicole Cohen,No,0
850,Amanda Lyons,No,1
851,Emma Rubio,Yes,1
852,Terry Jenkins,Yes,0
853,Joshua Mills,No,0
854,Willie Wilson,No,0
855,Nicholas Wilson,No,0
856,Jennifer Gutierrez,No,0
857,Michelle Wells,Yes,0
858,Linda Jimenez,No,0
859,Tyler Williams,No,1
860,Thomas Williams,Yes,0
861,Timothy Lewis,Yes,0
862,Brian Lozano,Yes,1
863,Anita Adkins,No,1
864,Christopher Burgess,No,1
865,James Davis,Yes,0
866,Kelly Garcia,No,0
867,Sarah Scott,Yes,1
868,Robert Bradshaw,No,0
869,Kathy Santos,No,1
870,Daniel Garcia,No,1
871,Elijah Phillips,No,0
872,Carolyn Davis,No,0
873,Katherine Rubio,Yes,1
874,Cody Ortiz,Yes,1
875,Timothy Jones,No,0
876,Meghan Williams,Yes,0
877,Claudia Santos,No,1
878,Mary Johnson DVM,Yes,0
879,Nicole Barnes,Yes,1
880,Michelle Gonzales,No,1
881,Christian Carrillo,Yes,0
882,Robin Martinez,No,1
883,Allen Sanchez,No,1
884,Jennifer Brown,No,0
885,James Hoffman,No,1
886,Jessica Macdonald,No,1
887,Joseph Cruz,Yes,0
888,Francisco Miller,No,0
889,Angela Reese,Yes,0
890,Heather Duran DVM,Yes,1
891,Sarah Wyatt,No,0
892,Susan Hampton,No,1
893,Monique Owens,Yes,1
894,Kyle Watkins,No,0
895,Denise Davis,No,0
896,Jennifer Schwartz,Yes,0
897,Alexandra Harper,Yes,0
898,Michael Townsend,Yes,0
899,Colleen Avila,Yes,1
900,Yolanda Diaz,No,1
901,Victoria Lopez,No,0
902,Emma Carter,Yes,1
903,Leonard Welch,No,1
904,Michelle Montoya,Yes,0
905,Natasha Parker,No,0
906,Alan Hess,No,0
907,Cody Gallagher,Yes,1
908,Brian Dean,No,0
909,David Cisneros,Yes,1
910,Jane Hood,Yes,0
911,Kathryn Smith,No,1
912,Johnny Black,No,0
913,Richard Harris,Yes,0
914,Denise Brooks,Yes,0
915,Carol Abbott,No,1
916,Nicole Hartman,Yes,0
917,Wayne Morgan,Yes,1
918,Daniel Morrison,Yes,1
919,Megan Walker,No,0
920,Peggy Alvarez,Yes,0
921,Mr. Kevin Collins,Yes,1
922,Levi Garcia,No,1
923,Sheila Harris,Yes,0
924,Jim Leon,Yes,0
925,David Ellis,No,0
926,Dominique Smith,Yes,0
927,Kathy Zamora,No,1
928,Alicia Williams,No,0
929,Christopher Walton,Yes,1
930,Stephanie Carter,Yes,0
931,Denise Love,No,1
932,Jenna Patterson,No,1
933,Greg Pitts,No,0
934,Samuel Freeman,No,1
935,Evelyn Johnson,Yes,1
936,Douglas Gonzalez,Yes,1
937,Janet Marshall,No,1
938,Nicholas Fisher,No,1
939,Linda Harmon,Yes,1
940,Gina Lee,No,0
941,Sarah Sharp,Yes,1
942,Benjamin Christian,No,0
943,Mia Collins,No,1
944,David Fuentes,Yes,0
945,Mary White,Yes,1
946,Cheryl Bradley,No,1
947,Lisa Whitaker,Yes,0
948,Nicole Walker,No,1
949,Vickie Rojas,No,0
950,Kenneth Hicks,Yes,0
951,Michael Peterson,Yes,0
952,Carla Woods,Yes,1
953,Rebecca Drake,No,0
954,Alan Kim,No,1
955,Michael Hood,No,1
956,Jonathan Bryant,Yes,0
957,Sarah Taylor,No,0
958,Jacqueline Willis,Yes,0
959,Justin Jennings,Yes,0
960,April Hall,No,1
961,Molly Keith,No,0
962,Micheal Mason,No,1
963,April Wright,No,1
964,Casey Bailey,No,1
965,Nicholas Miller,Yes,1
966,Carlos Torres,Yes,0
967,Sarah Holt,No,0
968,Nicholas Hudson,Yes,0
969,Marisa Martin,No,1
970,Morgan Reese,Yes,1
971,Gabrielle Evans,Yes,0
972,Wyatt Harris,No,0
973,Jason Robbins,No,1
974,Nicole Ward,Yes,1
975,Elizabeth Glass,Yes,1
976,Melanie Jackson,No,1
977,Raymond Figueroa,No,1
978,Kevin Robles,No,1
979,Melissa Hodge,Yes,0
980,Jessica Wilson,No,0
981,David Gallegos,No,1
982,Sara Allen,No,1
983,Mitchell Stephens,Yes,0
984,Melissa Jones,Yes,0
985,Laura Ramirez,No,0
986,Rebecca Hernandez,Yes,0
987,Brian Miller,No,1
988,Janet Joseph,No,0
989,Michael Roberson,Yes,0
990,Austin Smith Jr.,No,1
991,Raymond Wiggins,No,1
992,Amy Sims,No,1
993,April Barrera,No,1
994,James Cox DDS,No,0
995,Daniel Rasmussen,No,1
996,Kari Thornton,No,1
997,Gabriela Stevenson,No,0
998,Richard Knight,No,1
999,Dawn Thomas,No,1
1000,Jennifer Haynes,Yes,1
1001,Brian Sanders,No,0
1002,Gina Cochran,No,1
1003,Nathaniel Faulkner,Yes,1
1004,Kimberly Jackson,Yes,0
1005,Dylan Bates,No,1
1006,Kristi Fischer,No,1
1007,Patricia Kelly,No,1
1008,Lisa Conley,No,1
1009,Ian Roberts,No,0
1010,Kristen Bowen,No,0
1011,Ronald Ortega,Yes,0
1012,Kevin Newman,No,1
1013,Taylor Cortez,Yes,0
1014,Stephanie Spencer,No,0
1015,Anne Mathews,Yes,0
1016,William Michael,Yes,0
1017,William Mcclure,No,1
1018,Jessica Armstrong,Yes,0
1019,Amy Malone,Yes,1
1020,Rebecca Walsh,Yes,0
1021,Andrew West,No,1
1022,Amy Sherman,Yes,1
1023,Ryan Barnett,No,1
1024,George Adkins,No,0
1025,Christopher Garcia,Yes,1
1026,Hayden Aguilar,No,0
1027,Laura Ferguson,Yes,0
1028,Julie Hayes,No,0
1029,Mary Wilson,No,0
1030,Aaron Moreno,No,0
1031,Barbara Dunn,No,0
1032,Adam Johnston,No,1
1033,Benjamin Cabrera,No,0
1034,Larry Miller,No,0
1035,Leslie Abbott,No,1
1036,Michael Mills,Yes,0
1037,Brittany Sexton DDS,No,0
1038,Kelsey Chavez,Yes,1
1039,Benjamin Mitchell,No,0
1040,Christopher Sherman,No,0
1041,Kevin Murphy,Yes,1
1042,Garrett Hunt,Yes,0
1043,Nancy Perez,No,0
1044,Stephanie Hicks,No,1
1045,Shelly Williamson,No,0
1046,Karen Lee,Yes,0
1047,William Flores,No,1
1048,Joseph Johnson,No,1
1049,Ross Evans,No,0
1050,Randall Weiss,No,1
1051,Matthew Lane,Yes,0
1052,Nancy Torres,Yes,1
1053,George Campbell,No,1
1054,Stacy Wells,Yes,1
1055,Tracey Orozco,Yes,1
1056,Edgar Reeves,No,1
1057,Jordan Moses,Yes,0
1058,Brian Williams,No,1
1059,Mark Thompson,No,1
1060,James Massey,No,0
1061,Eric White,Yes,0
1062,Lauren Townsend,No,0
1063,Tamara Chapman MD,Yes,1
1064,David Hayes,Yes,1
1065,Christopher Parker,No,1
1066,Christina Ayers,No,1
1067,Ralph Hood,Yes,0
1068,Shannon Duarte,Yes,1
1069,Erica Rodriguez,Yes,0
1070,Steven Chang,Yes,1
1071,Carrie Thomas,Yes,0
1072,Chris Hernandez,Yes,0
1073,Shelley Frey,Yes,1
1074,Kayla Greene,Yes,0
1075,James Castro,Yes,1
1076,Olivia Jackson,No,1
1077,Stephanie Duncan,No,1
1078,Elizabeth Jackson,No,0
1079,Pamela Smith,No,1
1080,Fred Wright,No,1
1081,Kara Warren,No,0
1082,Cody Gutierrez,Yes,1
1083,Austin Sanchez,No,1
1084,Daniel Griffin,Yes,1
1085,Ray Williams,Yes,0
1086,Kimberly Figueroa,Yes,1
1087,Lisa Jones,No,1
1088,Shannon Myers,No,0
1089,James West,No,0
1090,Brian Schmidt,Yes,0
1091,Erin Smith,Yes,1
1092,Jennifer Lopez,No,1
1093,Nicholas Marsh,No,1
1094,Deborah Mclaughlin,Yes,0
1095,Erin Moore,Yes,0
1096,Jade Porter,Yes,0
1097,Teresa Fernandez,Yes,0
1098,Mrs. Brianna Hunter,No,0
1099,Jeremy Harris Jr.,No,0
1100,Gail Torres,Yes,0
1101,Jennifer Hamilton,Yes,0
1102,Matthew Hoffman,No,1
1103,Joel Dominguez,Yes,1
1104,Molly Smith,Yes,0
1105,Kathleen Mosley,Yes,0
1106,Veronica Phillips,Yes,1
1107,Marie Rodriguez,Yes,0
1108,Cheryl Martin,Yes,0
1109,Melanie White,No,1
1110,Manuel Bentley,No,0
1111,Joanna Cross,No,1
1112,Matthew Smith,Yes,0
1113,Kristin Pena,Yes,0
1114,Timothy Smith,Yes,1
1115,Jack Meadows,Yes,1
1116,Terri Roberson,No,0
1117,Angela Rangel,Yes,1
1118,Paula Wilson,Yes,1
1119,Caroline Garcia,Yes,1
1120,Alexis Johnson,No,1
1121,Alyssa Fuller,No,0
1122,Daniel Nicholson,Yes,0
1123,Kenneth Berger,Yes,1
1124,Eric Caldwell,Yes,1
1125,Robert Banks,Yes,1
1126,Matthew Jones,No,0
1127,Karen Taylor,No,1
1128,Bobby Miller DVM,Yes,1
1129,Sean Frank,Yes,0
1130,Nathan Carroll,No,1
1131,Raymond Jensen,Yes,1
1132,Robert Graves,No,1
1133,Megan Maynard,No,1
1134,Kelly Brown,Yes,0
1135,Leslie Fox,No,0
1136,Kimberly Campbell,No,1
1137,Christine Pugh,No,0
1138,Erin Diaz,No,1
1139,Brian May,No,0
1140,Linda Moreno,Yes,1
1141,Danielle Davis,No,0
1142,James Cruz,Yes,0
1143,Jeffrey Fowler,Yes,0
1144,Lonnie Camacho,Yes,1
1145,Michael Mckinney,No,0
1146,Tracy Young,Yes,0
1147,Mary Duffy,Yes,1
1148,Margaret Hicks,No,1
1149,Amy Stephens,No,0
1150,Christopher Mills,No,0
1151,William Hoffman,No,1
1152,Andrew Bradford,Yes,1
1153,William Riley DDS,No,1
1154,Lisa Young,Yes,1
1155,Richard Elliott,Yes,1
1156,Gregory Lindsey,Yes,0
1157,Dr. Sarah Hunter,No,1
1158,Thomas Rodriguez,No,0
1159,William Aguirre,No,0
1160,Marissa Baker,Yes,1
1161,Jessica Mckee,Yes,1
1162,Shawn Hutchinson,Yes,1
1163,Toni Burnett,Yes,1
1164,Richard Brock,Yes,0
1165,Kayla Collins,Yes,1
1166,Michelle Jones,Yes,0
1167,William Booker,Yes,0
1168,Lauren Banks,Yes,1
1169,Mrs. Amanda Flores,No,0
1170,Mark Rivera,No,0
1171,Nicholas Brown,Yes,1
1172,Kathleen Shelton,Yes,0
1173,Jessica Carter,Yes,0
1174,Jose Obrien,No,0
1175,Andrew Cervantes,Yes,0
1176,James Johnson,Yes,0
1177,Michelle Dunn,Yes,1
1178,Adam Lopez,No,1
1179,Justin Davis,Yes,1
1180,Paul Ray DDS,No,1
1181,Anthony Palmer,Yes,1
1182,George Shaw,No,1
1183,Melissa Jacobs,No,0
1184,Richard Smith,Yes,1
1185,Kimberly Vargas,Yes,0
1186,Angel Potter,Yes,1
1187,Sharon Whitehead,Yes,0
1188,Alisha Porter,Yes,0
1189,Alisha Gray,Yes,0
1190,Garrett Arnold,No,1
1191,Tonya Wells,No,0
1192,Mr. Cameron Knight,No,1
1193,James Miller,Yes,0
1194,Kelsey Brown,Yes,0
1195,Paul Carroll,Yes,1
1196,Lisa Murphy,No,1
1197,William Sanders,No,1
1198,Jacob Davis,No,1
1199,Jeremiah Marshall,Yes,1
1200,Arthur Tucker,Yes,1
1201,Melissa Wolfe,No,1
1202,Nicholas Sherman,No,0
1203,Carrie Dixon,No,1
1204,Lisa Gould,Yes,0
1205,Dwayne Everett,No,1
1206,Shelby Green,No,1
1207,Tommy Monroe,Yes,1
1208,Rachel Schmidt,No,1
1209,Lisa Lewis,No,0
1210,Michaela White,Yes,0
1211,Joshua Burch,No,1
1212,Leslie Cummings,Yes,1
1213,Emily Ritter DDS,No,1
1214,Robert Ballard,No,0
1215,John Lawson,No,1
1216,Erica Robles,Yes,0
1217,Christina Thompson,Yes,1
1218,Emily Hughes,Yes,0
1219,Michelle Blair,No,1
1220,Samantha Le,No,1
1221,Clinton Johnson,Yes,0
1222,Brandi Gonzalez,No,0
1223,Sharon Long,Yes,1
1224,Brittany Rose,Yes,0
1225,Catherine Moon,No,1
1226,Jonathan Byrd,No,1
1227,Thomas Jones,Yes,1
1228,Derrick Adams,Yes,0
1229,Kenneth Hunt,No,1
1230,Timothy Kent,No,1
1231,Alexandra Christensen,No,0
1232,Ashley Martin,No,0
1233,Jason Macdonald,No,0
1234,Mark Hernandez,No,1
1235,Jessica Herrera,No,1
1236,William Reilly,Yes,0
1237,Olivia Lopez,No,0
1238,Anita Johnson,Yes,0
1239,Susan Ramirez,No,1
1240,Cody Howell,No,0
1241,Keith English,No,1
1242,James Jones,Yes,0
1243,Brian Wells,Yes,0
1244,Brandon Murray,Yes,1
1245,Brian Ellis,Yes,1
1246,Samantha Velasquez,Yes,1
1247,Erin Myers,Yes,1
1248,Sarah Morris,Yes,1
1249,Jessica King,Yes,1
1250,Sean Turner,No,1
1251,Rachel Kelley,No,0
1252,Mary Davis,No,1
1253,Lisa Dominguez,Yes,1
1254,Christopher Jones,Yes,1
1255,Brittany Jones,No,1
1256,Angel Todd,No,0
1257,Nicholas Parker,No,0
1258,Danny Reeves,Yes,1
1259,Katherine Caldwell,No,1
1260,Alicia Kelly,Yes,1
1261,Amanda Rosario,Yes,0
1262,David Garza,No,0
1263,Katherine Nelson,No,0
1264,Stacey Byrd,Yes,1
1265,Jason Allen,Yes,0
1266,Bailey Small,Yes,0
1267,Julia Griffin,Yes,0
1268,Howard Benson,No,0
1269,Samantha Franklin,No,1
1270,Mike Leonard,No,1
1271,Chase Colon,No,1
1272,Karen Rivera,Yes,1
1273,Robert Fritz,Yes,1
1274,Aaron Valdez,Yes,1
1275,Amy Lowery,Yes,0
1276,Jessica Moore,No,0
1277,Kimberly Anthony MD,No,1
1278,Michael Garcia,No,1
1279,Lynn Murphy,No,1
1280,Dale Pearson,Yes,1
1281,Miss Amanda Estrada,Yes,1
1282,Glenn Williams,No,0
1283,Eugene Gibson,Yes,0
1284,Ms. Sheena Livingston,Yes,0
1285,Bryan Stevenson,No,1
1286,Alexander Lin,No,1
1287,Kaitlin Hunt,Yes,0
1288,Jessica Browning,Yes,0
1289,Debbie Brown,No,1
1290,Gregory Stafford,Yes,0
1291,Joshua Caldwell,No,0
1292,Kevin Hunter,Yes,1
1293,Michael Deleon,Yes,1
1294,Christopher Hernandez,Yes,1
1295,Ryan Savage,Yes,1
1296,Patrick Jacobson,No,1
1297,Tracy Fischer,No,1
1298,Lindsay Sellers,Yes,1
1299,Sherri Green,No,0
1300,Ryan Drake,Yes,1
1301,Chad Blackburn,Yes,0
1302,Candice Avila,No,0
1303,Jared Schmidt,Yes,0
1304,Kathy Olson,Yes,0
1305,Mathew Perry,Yes,1
1306,Sarah Miller,No,0
1307,Sara Sullivan,No,0
1308,Jeffrey Anderson,No,0
1309,Richard Richard,Yes,0
1310,Patrick Diaz,No,1
1311,Cindy Schmitt,Yes,1
1312,George Torres,No,0
1313,Erica Garcia,No,1
1314,Thomas Mcdowell,No,1
1315,Tammy Wilson,No,0
1316,Brian Barron,Yes,0
1317,Renee Jackson,No,0
1318,Nicholas Briggs,Yes,0
1319,Brian Jenkins,No,0
1320,Mark Torres,Yes,1
1321,Nancy Nguyen,No,0
1322,Brooke Benjamin,No,0
1323,Andrea Irwin,No,0
1324,Lorraine Cummings,No,0
1325,Chloe Miller,No,0
1326,Russell Jackson,Yes,0
1327,Alexandra Robinson,Yes,1
1328,Robert Garcia,No,1
1329,Bradley Maddox,Yes,1
1330,Nicole Hudson,Yes,0
1331,Caitlin Gallegos,Yes,1
1332,Karen Meyers,No,1
1333,Evelyn Adams,Yes,1
1334,Paul Bruce,Yes,0
1335,Kimberly Sandoval,Yes,0
1336,Mark Graham,No,1
1337,Manuel Gay,No,1
1338,Jacqueline Taylor,Yes,1
1339,Jeffrey Smith,Yes,1
1340,Matthew Brown,No,0
1341,Amber Collins,No,0
1342,Ronald Diaz,No,1
1343,Cameron Mcmahon,Yes,0
1344,Paul Castro,Yes,1
1345,David Clark,Yes,1
1346,Patrick Wood,Yes,1
1347,Kevin Stone,No,0
1348,Mrs. Amanda Tran MD,No,1
1349,Michael Walker,No,0
1350,Dr. Heather Vang,No,1
1351,Elizabeth Campbell,Yes,1
1352,Jenny Drake,Yes,0
1353,Charles Smith,Yes,0
1354,Barbara Rodriguez,No,1
1355,Amanda Moss,No,0
1356,Amanda Miller,No,0
1357,Roger Carter,Yes,1
1358,Marvin Roman,Yes,1
1359,Patricia Bell,No,0
1360,William Hernandez,Yes,0
1361,Thomas Juarez,Yes,0
1362,Tracey Jackson,Yes,0
1363,Felicia Dean,Yes,1
1364,Pamela Kelly,No,0
1365,Janice Maldonado,Yes,0
1366,James Joyce,No,1
1367,Suzanne Smith,No,1
1368,Rachel Nelson,No,0
1369,Maria Elliott,No,1
1370,Tiffany Rice,No,0
1371,Courtney Ortiz,No,0
1372,Terry Gallegos,Yes,0
1373,Anna Johnson,Yes,0
1374,Rhonda Romero,No,0
1375,Kevin Johnson,Yes,1
1376,Julie Jacobs,No,0
1377,Jasmine Jacobs,No,0
1378,Harry Garcia,Yes,1
1379,Rachel Davis,No,0
1380,Brooke Johnson,Yes,1
1381,Jennifer Nelson,No,1
1382,Teresa Rojas,No,1
1383,Luis Brennan,No,0
1384,David Matthews,No,1
1385,Linda Rosales,Yes,0
1386,Brendan Davis,No,1
1387,Shawn Hubbard,Yes,0
1388,Scott Rubio,Yes,1
1389,Jennifer Carlson,No,0
1390,Austin Case,No,0
1391,Stacey Santiago,No,0
1392,Tammy Miller,No,1
1393,Edward Olson,Yes,0
1394,Melanie Giles,No,1
1395,Joshua Cummings,Yes,1
1396,Chelsea Rosales,Yes,1
1397,Gabriel Hinton,No,1
1398,Sheryl Roberts,No,0
1399,Jeremiah Howard,No,1
1400,Johnny Riley,Yes,0
1401,Valerie Hurley,No,0
1402,Kyle Floyd,No,1
1403,Brent Thompson,Yes,0
1404,Rebecca Henry,Yes,0
1405,Leah Smith,Yes,0
1406,James Lewis,Yes,0
1407,Theresa Whitehead,No,1
1408,Laurie Schwartz,Yes,1
1409,Kristen Whitaker,Yes,0
1410,Linda Gardner,Yes,0
1411,Jason Campbell,No,1
1412,Anne Clark,No,1
1413,Thomas Thornton,No,1
1414,Cynthia Townsend,No,0
1415,Daniel Jackson,Yes,1
1416,Roger Hensley,Yes,1
1417,Jeffrey Villarreal,Yes,1
1418,Riley Sanchez,Yes,1
1419,James Mullen MD,No,0
1420,Candace Willis,No,1
1421,Nicole Smith,No,1
1422,Erin Lee MD,No,0
1423,Erin Lopez,Yes,1
1424,Karen Alvarado,No,1
1425,Dustin Robinson,No,0
1426,Christina Jones,No,0
1427,Gary Mcconnell,Yes,1
1428,Brandy Chung,No,1
1429,Cameron Rubio,Yes,0
1430,Wendy Rojas,No,0
1431,Michelle Reyes,Yes,0
1432,Timothy Rodriguez,Yes,1
1433,Megan Hansen,No,1
1434,Nicholas Bell,Yes,1
1435,Julia Fuller,No,1
1436,Patricia Lopez DDS,Yes,0
1437,Shelly Ibarra,Yes,0
1438,Brian Garcia,No,0
1439,Derek Boyd,No,1
1440,Shirley Perez,No,1
1441,Toni Russell,Yes,1
1442,Joshua Garcia,Yes,1
1443,Kayla Wilcox,Yes,0
1444,Sherri Newman,Yes,0
1445,Kristen Gonzalez,No,1
1446,Amanda Robinson,Yes,0
1447,Gabriel Smith,No,1
1448,Laura Hancock,No,0
1449,Christina Armstrong,Yes,1
1450,Robert Johnson MD,Yes,1
1451,Anthony Montgomery,No,0
1452,Michelle Morgan,Yes,1
1453,Ashley Robinson,No,1
1454,Kayla Baker,Yes,0
1455,Sherry Levine,No,0
1456,Sheila Bennett,No,1
1457,Cody Morgan,Yes,0
1458,Mr. Patrick Smith,No,1
1459,Erin Wells,No,0
1460,Jorge Mcintyre,No,0
1461,Sara Vazquez,No,0
1462,Allison Howell,Yes,0
1463,Alejandro Gomez,Yes,0
1464,Jonathan Roberts,No,0
1465,Michael Pena,No,0
1466,Mark Garcia,No,1
1467,Scott Mooney,Yes,1
1468,William Wilson,No,0
1469,Michael Stokes,Yes,0
1470,Sheila Stewart,Yes,1
1471,James Jackson,No,1
1472,Scott Brooks,Yes,1
1473,Kimberly Gonzales,Yes,0
1474,Desiree Vazquez,Yes,1
1475,George Guerrero,Yes,1
1476,William Munoz,No,0
1477,John Ramos,Yes,0
1478,Brandon Vance,No,1
1479,Ryan Richards,No,1
1480,Nicole Jackson,Yes,0
1481,Jennifer Mitchell,No,0
1482,Michael Poole,No,1
1483,Kevin Pratt,No,1
1484,Mrs. Betty Shannon,No,1
1485,Tiffany Lester,No,0
1486,Jennifer Reynolds,Yes,1
1487,Michael Stanton,Yes,0
1488,Alyssa Taylor,Yes,1
1489,Chad Davis,Yes,0
1490,Edward White,No,0
1491,Justin Huff,No,1
1492,Anthony Collins,No,0
1493,Sara Ayers,Yes,1
1494,Eric Taylor,Yes,1
1495,Sara Thomas,Yes,0
1496,Felicia Bryant,No,1
1497,Kimberly Reynolds,Yes,1
1498,Christopher Wood,No,0
1499,Thomas Bennett,No,1
1500,Cassandra Hunter,No,1
1501,Andrew Miller,No,0
1502,Vanessa Soto,No,1
1503,James Swanson,No,1
1504,Melissa Powell,No,1
1505,Peter Smith,Yes,1
1506,Phillip Silva MD,Yes,0
1507,Jonathan Armstrong,No,0
1508,Richard Davis,Yes,1
1509,Raven Strickland,No,1
1510,Dana Hopkins,Yes,1
1511,Michael Lang,No,0
1512,Ryan Christensen,Yes,0
1513,Anthony Sanchez,No,1
1514,Michael Rodriguez,Yes,1
1515,Amy Hodge,Yes,1
1516,Robert Porter,Yes,0
1517,Dr. Gail Foster,No,1
1518,Erin Johnson,Yes,1
1519,Brian Hall,Yes,1
1520,Edwin Fletcher,Yes,0
1521,Daniel Salazar,Yes,1
1522,Jason Calhoun,No,1
1523,Samuel Thompson,No,0
1524,Linda Alvarez,No,1
1525,Samuel Nunez,No,0
1526,Erika Williamson,Yes,0
1527,Theresa Benton,No,1
1528,David Miller,No,0
1529,Tanya Short,Yes,0
1530,Jocelyn Wilson,Yes,1
1531,Lisa Chen,No,1
1532,Angela Hart,No,1
1533,Jodi Cox,Yes,1
1534,Corey Peterson,Yes,0
1535,Nicole Moran,No,0
1536,Holly Rivas,Yes,0
1537,Christopher Moreno,No,1
1538,Nicole Meyer,No,0
1539,Anthony Reyes,Yes,0
1540,Brittney Noble,Yes,1
1541,Joshua Parker,No,1
1542,Jessica White,Yes,0
1543,Melinda Rodriguez,No,1
1544,Benjamin Hudson,No,1
1545,Jose Castaneda,No,1
1546,Sara Randall,Yes,1
1547,Nathan Webb,Yes,1
1548,Omar Atkinson,Yes,0
1549,Carmen Castro,Yes,1
1550,Danielle Bowers,Yes,1
1551,Lisa Price,Yes,1
1552,Brett Wright,Yes,1
1553,Keith Johnson,No,1
1554,Theresa Austin,Yes,1
1555,James Keller,Yes,0
1556,Dylan Craig,Yes,0
1557,Samuel Pena,No,1
1558,Margaret French,Yes,1
1559,Natalie Mckinney,No,1
1560,Felicia Williams,Yes,1
1561,Krystal Li,No,1
1562,Stacey Turner,Yes,1
1563,Kimberly Freeman,Yes,1
1564,Dawn Pugh,Yes,0
1565,Curtis Mercado,No,1
1566,Darren Watkins,Yes,1
1567,Cynthia Velez,Yes,0
1568,Wendy Sanchez,Yes,0
1569,Taylor Kidd,No,0
1570,Jennifer Lee,No,1
1571,Monica Hendrix,No,1
1572,Michael Obrien,Yes,0
1573,Vanessa Hampton,Yes,1
1574,Douglas Richard,Yes,1
1575,Dana Brock,Yes,0
1576,Jonathan Cooper,No,0
1577,Jason Watkins,No,0
1578,Kim Keller,Yes,0
1579,Thomas Parker,Yes,1
1580,Melissa Martinez,Yes,1
1581,Eric Williams,Yes,1
1582,Jonathan Castro,Yes,0
1583,Andrew Frazier,Yes,0
1584,Jennifer Harrison,No,1
1585,Amanda Jackson,Yes,0
1586,Gerald Mcbride,Yes,0
1587,Elizabeth Conway,No,0
1588,Joseph Molina,No,0
1589,Ashley Taylor,Yes,1
1590,Michael Jones,No,1
1591,Michael Morales,No,0
1592,Brittany Brown,Yes,0
1593,Antonio Thompson,No,1
1594,Sarah Hughes,No,1
1595,Sharon Norris,No,0
1596,Mrs. Jessica Porter,Yes,1
1597,Daniel Huber,Yes,0
1598,Anthony Cooke MD,No,1
1599,Kevin Cooley,Yes,1
1600,Kelly Anderson,Yes,0
1601,Diane Miller,Yes,1
1602,Timothy Henderson,Yes,0
1603,Rachel Jones,Yes,0
1604,Sabrina Rivera,Yes,0
1605,Ryan Davis,No,1
1606,Robert Gonzalez,Yes,0
1607,Stephanie Reyes,No,1
1608,Melissa Rivera,No,0
1609,William Henderson,No,1
1610,Leslie Cox,No,1
1611,Kathryn Jones,Yes,1
1612,Miranda Luna,No,0
1613,Steven Martin,No,0
1614,Stephanie Parsons,Yes,0
1615,Melissa Woods,Yes,0
1616,Kelli Perkins,No,0
1617,Marcia Farley,Yes,1
1618,William Howard,No,0
1619,Robert Kerr,Yes,1
1620,Gilbert Dennis,No,1
1621,Richard Garcia,Yes,1
1622,Elaine Underwood,Yes,0
1623,Sara Lester,Yes,1
1624,Julie Russell,Yes,1
1625,Rebecca Cummings,No,0
1626,Scott Ramirez,Yes,1
1627,Phillip Smith,Yes,1
1628,Laura Brown,Yes,0
1629,Ryan Barnes,Yes,1
1630,Nina Fisher,No,1
1631,Ralph Smith,No,0
1632,Steven Frank,No,1
1633,Jessica Blackwell,Yes,1
1634,Christina Galloway,No,0
1635,Mr. Bradley Hunter,No,0
1636,Hannah Thompson,Yes,1
1637,Amanda Peterson,No,1
1638,Julie Stevens,No,1
1639,Joe Marks,Yes,1
1640,Jo Ware,Yes,0
1641,Megan Powell,Yes,1
1642,Robin Kirk,Yes,1
1643,James Delacruz,No,0
1644,Jeffrey Stewart,No,1
1645,Connie Martinez,No,0
1646,Amanda Baird,No,0
1647,Gina Arnold,No,0
1648,Sara Oneill,No,1
1649,Alex Kim,No,1
1650,Donald Arnold,Yes,0
1651,Ronnie Chambers,Yes,1
1652,Michael Giles,No,0
1653,Kelly Walsh,No,0
1654,Jennifer Robinson,No,0
1655,Andrew Alexander,No,0
1656,David Chambers,Yes,0
1657,Jason Thomas,Yes,0
1658,Charles Warren,Yes,0
1659,Pamela Medina,No,0
1660,Amy Lara,Yes,1
1661,Angela Vaughn,Yes,0
1662,William Mclaughlin,No,1
1663,John Adams,Yes,1
1664,Samantha Moore,No,0
1665,Erica Franco,Yes,0
1666,Jeremy Butler,Yes,1
1667,James French,Yes,0
1668,Erik Rivera,No,1
1669,Katherine Phillips,No,0
1670,Stephanie Ross,Yes,1
1671,Scott Watts,No,0
1672,Caitlyn Neal,No,1
1673,Courtney Jackson,Yes,0
1674,Eduardo Hale,Yes,0
1675,Brian Johnson,Yes,1
1676,Joseph Patterson,Yes,1
1677,Sharon Parker,Yes,1
1678,Jennifer Scott,No,0
1679,Devin Russo,No,1
1680,Joan Barron,Yes,0
1681,Amanda Harris,No,0
1682,Karla Eaton,No,0
1683,Jennifer Richardson,No,1
1684,Jordan Russell,Yes,1
1685,Leah Welch,Yes,1
1686,Melody Young,No,1
1687,Cynthia Hess,No,1
1688,Daniel Hancock,No,1
1689,William Warren,Yes,0
1690,Vanessa Smith,Yes,0
1691,Ashley Lin,Yes,0
1692,Jason Leon,No,1
1693,Monique Arellano DVM,Yes,0
1694,Sarah Black,No,0
1695,Dwayne Wilson,No,1
1696,Scott Green,No,0
1697,Matthew Solis,No,0
1698,Ashley Cabrera,No,0
1699,Aaron Chan,Yes,1
1700,Matthew Harris,Yes,1
1701,Roger Manning,Yes,1
1702,Richard Bean,No,0
1703,Andrew Singleton,Yes,0
1704,Brent Aguirre,Yes,0
1705,Valerie Kane,Yes,1
1706,Diana Williams,No,0
1707,Vanessa Acevedo,Yes,0
1708,Shannon Clayton,No,0
1709,Amanda Taylor,No,1
1710,Thomas Murray,Yes,0
1711,Sherri Adams,No,1
1712,Scott Gonzalez,No,0
1713,Michael Wright,Yes,1
1714,Andre Owens,Yes,1
1715,Nicole Parker,No,0
1716,Robin Joyce,Yes,1
1717,Eric Gonzalez,No,0
1718,Christine James,No,0
1719,Sarah Osborne,Yes,1
1720,Evan Boyle,Yes,1
1721,Kathy Mcguire,No,0
1722,Janice Marsh,No,1
1723,Aaron Young,Yes,1
1724,Bill Armstrong,No,1
1725,Vicki Sullivan,Yes,1
1726,Ryan Phillips,Yes,1
1727,Tyler Hernandez,No,0
1728,Jasmine Hayes,No,1
1729,Curtis Burns,Yes,0
1730,Justin Morris,Yes,1
1731,Robert Valencia,Yes,0
1732,Olivia Turner,Yes,0
1733,Robert Miller,Yes,0
1734,Amber Baker,No,1
1735,Charles Coleman,Yes,0
1736,Penny Garza,Yes,0
1737,Edwin Yang,No,0
1738,Theresa Burns,Yes,1
1739,Patrick Proctor,Yes,1
1740,Alexander Peters,Yes,1
1741,Bethany Berg,No,0
1742,Thomas Walker,No,1
1743,Kelly Taylor,No,0
1744,Andrew Reynolds,Yes,0
1745,Mr. James White,No,0
1746,Derek Thornton,No,1
1747,Eric Padilla,Yes,0
1748,Joseph Spencer,No,1
1749,Christopher Ferguson,No,1
1750,Elizabeth Weber,Yes,0
1751,Robert Campos,Yes,0
1752,Laurie Kennedy,No,1
1753,Daniel Rogers,Yes,0
1754,Kevin Salazar DDS,Yes,1
1755,Tamara Williams,No,0
1756,David Harris,Yes,1
1757,Jacqueline Snyder,No,1
1758,Sandra Wallace,No,0
1759,Jennifer Williams,Yes,0
1760,Linda Cowan,No,0
1761,Cheryl Perez,Yes,0
1762,Mercedes Johnson,No,1
1763,Dr. Jeffery Ferguson,Yes,1
1764,John Mercer,No,1
1765,Ryan Roach,Yes,1
1766,Jose Mathews,No,1
1767,Joseph Hernandez,Yes,0
1768,Caroline Vasquez,No,1
1769,Brittany Lawson,Yes,1
1770,Christopher Alvarado,No,1
1771,Stephen Lee,Yes,0
1772,Clayton Johnson,Yes,1
1773,Danielle Simmons,No,0
1774,Paul Johnson,Yes,1
1775,Jason Terry,Yes,0
1776,Sara Bowman,No,0
1777,Jonathan Hunter,No,1
1778,Dale Rodriguez,Yes,0
1779,Steven Flynn,Yes,0
1780,Terry Hernandez,Yes,1
1781,Philip Freeman,Yes,0
1782,Ruth Burton,No,0
1783,Timothy Myers,Yes,1
1784,Kenneth Sheppard,No,0
1785,Miranda Wallace,No,0
1786,Joseph Campbell,No,0
1787,Eric Duncan,No,1
1788,Michael Reynolds,No,1
1789,Rebecca Hawkins,Yes,1
1790,Donald Thompson,Yes,0
1791,Jason Johnston,No,0
1792,Abigail Kim,Yes,1
1793,Shawn Stokes,Yes,0
1794,Mark Wolfe,No,1
1795,Jeffery Houston,Yes,0
1796,John Marshall,Yes,0
1797,Joel Perez,Yes,0
1798,Amy Boone,Yes,0
1799,Abigail Hobbs,Yes,1
1800,Jason Miller,No,0
1801,Luis Castillo,No,1
1802,John Nelson,No,0
1803,Kelly Aguilar MD,No,0
1804,Kimberly Stewart,No,1
1805,Stacey Johnson,Yes,0
1806,George Kelley,No,0
1807,Eric Adams,No,0
1808,Allen Sanders,No,1
1809,Joseph Parker,No,1
1810,Dominic Hurst,No,1
1811,Tyler White,No,1
1812,Traci Garcia,No,0
1813,Brian Scott,Yes,0
1814,Samuel Morales,No,0
1815,Steven Fisher,No,0
1816,Rebecca Wang,No,1
1817,Gabriela Thompson,No,0
1818,Amber Richardson,Yes,1
1819,Robert Salas,Yes,0
1820,Stephanie Nichols,Yes,1
1821,Kim Colon,Yes,1
1822,Lisa Warren,No,0
1823,Dylan Miller,No,1
1824,Suzanne Hamilton,No,1
1825,Tyler Hoffman,Yes,0
1826,Robert Hill,Yes,1
1827,Maria Edwards DVM,Yes,1
1828,Emily Butler,Yes,1
1829,Scott Booth,Yes,1
1830,Jack Barajas,No,1
1831,Christopher Thomas,Yes,0
1832,Benjamin Levy,Yes,0
1833,Michael Robbins,No,1
1834,Tonya Michael,No,1
1835,Jason Smith,Yes,0
1836,James Mccarthy,No,1
1837,Amanda Haley,No,1
1838,Melissa Anderson,No,0
1839,Brian Brown,Yes,0
1840,Stacy Mills,No,1
1841,Alejandra Winters,Yes,1
1842,Christopher Jacobs,No,0
1843,Bryan Hanson,No,1
1844,Derrick Wilkinson,No,1
1845,Jose Stewart,No,1
1846,Jacob Craig,No,1
1847,John Smith,No,1
1848,Ashley Morgan,No,1
1849,Gary Roberts,Yes,0
1850,Monica Dixon,Yes,0
1851,Charles Wong,Yes,0
1852,Anne Santiago,Yes,1
1853,Rebecca Lee,Yes,0
1854,Kim Jones,No,1
1855,David Russo,No,1
1856,Nicole Sanchez,No,1
1857,Carrie Wilson,No,1
1858,Matthew Wilson,Yes,1
1859,Alexandra Jones,Yes,1
1860,Kristin Snyder,Yes,0
1861,Danielle Smith,No,0
1862,Greg Hernandez,No,0
1863,Shawna Lindsey,No,0
1864,Jill Gordon,Yes,0
1865,Keith Myers,No,0
1866,Raymond Miller,Yes,1
1867,Amanda Grimes,Yes,1
1868,Brian Leon,No,0
1869,Scott Hayes,Yes,1
1870,Kevin Carey,No,1
1871,Alexis Bailey,Yes,0
1872,Nichole Hood,Yes,1
1873,Natasha Hernandez,Yes,1
1874,Preston Macias,Yes,0
1875,Guy Freeman,No,1
1876,Erin Wilson,Yes,0
1877,Kayla Bailey,Yes,1
1878,Jessica Yang,No,1
1879,Jason Lynch,No,0
1880,Paul Bowman,Yes,0
1881,Debra Thompson,Yes,1
1882,Natalie Myers,No,0
1883,William Coleman,Yes,1
1884,David Gibson,No,1
1885,Brandon Jackson,No,1
1886,Lisa Parker,Yes,1
1887,Lindsey Greene,No,1
1888,Craig Campbell,Yes,0
1889,Michele Blackburn,No,1
1890,Craig Ward,Yes,0
1891,Glen Bailey,No,0
1892,Beth Miller,No,1
1893,Kevin Sharp,No,0
1894,Anna Nicholson,Yes,1
1895,Ethan Armstrong,No,0
1896,Amber Stewart,No,0
1897,Joanna Bradley,No,0
1898,David Liu,No,0
1899,Sean Hamilton,Yes,1
1900,John Morales,Yes,1
1901,Julie Jefferson,No,1
1902,Kristina Navarro,No,0
1903,Donna Combs,Yes,1
1904,Joshua Burns,No,1
1905,Jessica Sanford,Yes,0
1906,Anthony Ryan,No,0
1907,Richard Young,No,0
1908,Louis Kelly,No,1
1909,Joshua Williams,No,0
1910,Frank Hale,Yes,1
1911,Robyn Baker,Yes,0
1912,Daniel Wright,Yes,1
1913,Taylor Valenzuela,No,1
